{"services":[{"service_id":"Smoke","service_type":"Smoke","properties":[{"property_name":"Smoke_value","data_type":"int","required":false,"enum_list":null,"min":"0","max":"65535","max_length":0,"step":1,"unit":"","method":"R","description":null,"default_value":null}],"commands":[{"command_name":"Smoke_Control_Beep","paras":[{"para_name":"Beep","data_type":"string","required":false,"enum_list":["ON","OFF"],"min":null,"max":null,"max_length":3,"step":0,"unit":null,"description":null}],"responses":[{"response_name":"cmdResponses","paras":[{"para_name":"Beep_State","data_type":"int","required":false,"enum_list":null,"min":"0","max":"1","max_length":0,"step":0,"unit":"","description":null}]}]}],"events":null,"description":null,"option":"Optional"}]}